{
  "model_comparison": {
    "logistic_regression": {
      "val_score": 0.495,
      "test_score": 0.565,
      "auc_score": 0.7927464229822369
    },
    "random_forest": {
      "val_score": 0.555,
      "test_score": 0.585,
      "auc_score": 0.7708667417731155
    },
    "gradient_boosting": {
      "val_score": 0.555,
      "test_score": 0.565,
      "auc_score": 0.7444405716748578
    }
  },
  "best_model_report": {
    "Critical": {
      "precision": 0.5,
      "recall": 0.6363636363636364,
      "f1-score": 0.56,
      "support": 55.0
    },
    "High": {
      "precision": 0.43478260869565216,
      "recall": 0.37735849056603776,
      "f1-score": 0.40404040404040403,
      "support": 53.0
    },
    "Low": {
      "precision": 0.7380952380952381,
      "recall": 1.0,
      "f1-score": 0.8493150684931506,
      "support": 62.0
    },
    "Medium": {
      "precision": 0.0,
      "recall": 0.0,
      "f1-score": 0.0,
      "support": 30.0
    },
    "accuracy": 0.585,
    "macro avg": {
      "precision": 0.41821946169772256,
      "recall": 0.5034305317324186,
      "f1-score": 0.45333886813338864,
      "support": 200.0
    },
    "weighted avg": {
      "precision": 0.48152691511387163,
      "recall": 0.585,
      "f1-score": 0.5243583783035838,
      "support": 200.0
    }
  },
  "feature_importance_top10": {
    "symptom_count": 0.10956333770859705,
    "temperature_c": 0.08330070460319625,
    "weight_kg": 0.0765566740289229,
    "age_months": 0.07312762502793199,
    "heart_rate_bpm": 0.07267017060861963,
    "symptoms_present_none": 0.07191368467208491,
    "respiratory_rate_bpm": 0.07025523869063167,
    "max_symptom_severity_none": 0.0672428095797189,
    "coat_condition_poor": 0.02048483052093332,
    "max_symptom_severity_moderate": 0.01975960553344975
  }
}