{
  "model_type": "random_forest",
  "timestamp": "20260101_122654",
  "feature_names": [
    "species",
    "breed",
    "age_months",
    "weight_kg",
    "gender",
    "is_senior",
    "is_young",
    "temperature_c",
    "heart_rate_bpm",
    "respiratory_rate_bpm",
    "symptoms_present",
    "symptom_count",
    "max_symptom_severity",
    "symptom_duration",
    "appetite_level",
    "energy_level",
    "hydration_normal",
    "gait_normal",
    "coat_condition"
  ],
  "target_classes": [
    "Critical",
    "High",
    "Low",
    "Medium"
  ],
  "model_path": "models/pet_health_model_20260101_122654.joblib",
  "encoder_path": "models/target_encoder_20260101_122654.joblib",
  "performance_metrics": {
    "train_score": 0.995,
    "val_score": 0.555,
    "test_score": 0.585,
    "auc_score": 0.7708667417731155
  },
  "feature_importance": {
    "symptom_count": 0.10956333770859705,
    "temperature_c": 0.08330070460319625,
    "weight_kg": 0.0765566740289229,
    "age_months": 0.07312762502793199,
    "heart_rate_bpm": 0.07267017060861963,
    "symptoms_present_none": 0.07191368467208491,
    "respiratory_rate_bpm": 0.07025523869063167,
    "max_symptom_severity_none": 0.0672428095797189,
    "coat_condition_poor": 0.02048483052093332,
    "max_symptom_severity_moderate": 0.01975960553344975,
    "gait_normal": 0.017895051982066514,
    "hydration_normal": 0.017808168516295377,
    "coat_condition_good": 0.016463742329239184,
    "species_rabbit": 0.01616089070668021,
    "gender_unknown": 0.016025395012987526,
    "max_symptom_severity_severe": 0.015610567737405469,
    "energy_level_normal": 0.015584478764322396,
    "symptoms_present_skin_irritation": 0.015270814236575328,
    "symptoms_present_lethargy": 0.015140424291099948,
    "energy_level_lethargic": 0.015083616713191963,
    "is_senior": 0.014624117846398964,
    "appetite_level_normal": 0.014484924283329498,
    "species_dog": 0.014390353499330853,
    "energy_level_low": 0.01434025161462407,
    "symptom_duration_none": 0.014333454391825824,
    "appetite_level_increased": 0.014329641550647592,
    "gender_male": 0.014327932973991628,
    "appetite_level_none": 0.01428757115736959,
    "symptoms_present_respiratory_cough": 0.013790867823386255,
    "symptom_duration_over-week": 0.013391747785433275,
    "species_cat": 0.013386038565607786,
    "symptom_duration_under-24h": 0.012032656701862807,
    "is_young": 0.006362610542241561
  }
}